customer_id,age,income,family_size,engagement_score,subscription_status,mainline_spend
1,56,20000.0,1,0.19668819731282305,0,838.882801226762
2,69,48663.19940730817,2,0.23748330516938398,0,852.1285892195014
3,46,30432.957492427202,1,0.2998975929945362,0,373.16707742623794
4,32,60045.08823245058,2,0.6427950705063091,1,1143.1263891693307
5,60,55498.973691452724,4,0.600945484537719,1,1230.0062524758212
6,25,35901.80320508967,2,0.6960798615670392,0,916.66984649147
7,38,42291.9962399496,4,0.36250198453151317,0,611.8640490143082
8,56,34111.79717166573,1,0.8239976518799783,0,170.10755308293824
9,36,49059.813540902425,3,0.20408766115576027,0,870.3524709674948
10,40,64327.134807518574,2,0.46904074751815394,0,624.4756108006131
11,28,35214.10930496684,3,0.8009387215414303,0,352.69665905449494
12,28,57560.697732767665,3,0.18015864773261925,0,239.35416844027208
13,41,42046.13572441339,1,0.10986311374078295,0,884.0131620356934
14,70,38106.907516064835,3,0.8836839676879897,0,804.6264244301166
15,53,48394.544600681635,1,0.3429296627591959,0,731.1344131368775
16,57,34471.365163709386,3,0.683870124909032,0,1018.5487109020024
17,41,41695.26041979227,4,0.02534860426393848,0,838.4760991299697
18,20,32031.831611167272,2,0.6900468884094496,0,1052.4238554411645
19,39,79470.87699374584,3,0.3161013115469705,0,650.4174216900269
20,70,50528.95327957593,3,0.05574085358744174,0,751.308726965831
21,19,39504.117380111216,3,0.609812761548117,0,435.1591880657649
22,41,53209.69866101333,3,0.24080381607317325,0,744.2524085412906
23,61,48315.07925463755,1,0.38680724205188,0,730.5329497250402
24,47,46685.45600700165,1,0.08058081228651359,0,866.8080887162737
25,55,59212.50050065138,4,0.14716325109494532,0,819.8916038411311
26,19,61362.61565070957,1,0.29797723549584376,0,961.2922294591153
27,38,42042.48278584209,2,0.08975950056015713,0,859.876390613005
28,50,41362.7263903298,1,0.9108262646863152,0,1228.881993896909
29,29,45874.22454272534,5,0.006047043183978418,0,666.9164959747995
30,39,20000.0,1,0.4838602188643114,0,460.1814817531553
31,61,27272.134067021718,2,0.12324745813255145,0,697.9021392116455
32,42,70503.11401166787,2,0.30767908947794853,0,722.8274735782254
33,66,74674.51570251926,1,0.9260595598182655,1,1556.8928521478476
34,44,46264.45940665432,1,0.16169455327398685,0,690.8481445716238
35,59,58648.35444583649,1,0.9658323197183326,1,1077.4459987685746
36,45,54668.75231815304,2,0.2057943769894217,0,699.6600550594837
37,33,96183.21212682856,2,0.7415661084668296,1,1449.9928140796576
38,32,66793.62367151865,3,0.5466772648973117,1,1013.4610617082155
39,64,48081.2361277885,3,0.8844787275967592,0,700.5206893725419
40,68,35666.89339099362,1,0.5539932555031309,0,1066.8041760299873
41,61,25903.30519613641,3,0.5345592191563087,0,511.7384797639629
42,72,53051.954538008344,1,0.1954580003683999,0,791.9187875334804
43,69,38654.73882073545,1,0.16622936205165872,0,840.3578606308891
44,74,28666.19435603489,3,0.9164891511155142,0,408.7128648083112
45,20,40301.4067363621,1,0.32783819885003407,0,830.3429538479988
46,54,33776.779945784074,1,0.37208225496289593,0,495.07059012912003
47,68,75307.12452608848,2,0.7598236584283884,1,1285.1776948098307
48,24,63224.59635424176,2,0.33882348242280735,0,657.4751276296943
49,38,49880.41038025074,1,0.9520624466390027,0,983.1621029349261
50,26,72199.16208335038,1,0.7379277689988003,1,1590.469962620816
51,56,51160.524614714275,1,0.59742924257342,1,1323.8067499701533
52,35,37080.73698007604,1,0.8808951605447525,0,823.7565306024759
53,21,72846.86115904486,2,0.04960590834948275,0,822.9347080442326
54,42,58083.65065526988,1,0.25706269218920874,0,700.8406072283015
55,31,34441.30768510315,4,0.46503633422090995,0,1012.9171100110275
56,67,47144.91982874588,1,0.22697853947152102,0,618.5234090573529
57,26,36865.726199228644,3,0.7439051873021519,0,551.3059350123592
58,43,29258.00403553496,1,0.9192080310537252,0,871.2846102896134
59,70,63892.66321297462,3,0.4237701199309234,0,702.6129674206663
60,19,78641.24960705196,1,0.34213260011189495,0,737.4068085532238
61,37,29021.486392712883,1,0.9615507321375663,0,452.54165274336805
62,45,58444.538550358564,2,0.44485243282754083,0,740.1259681424433
63,64,40240.361463172594,1,0.4890484004492832,0,733.5636425814926
64,24,42693.11924352956,2,0.35164987234190537,0,797.2489289839781
65,61,41114.09113641696,2,0.9095484730121384,0,986.7865518431953
66,25,37040.138454802756,2,0.5689554832818507,0,847.4758253353576
67,64,50727.82441917241,4,0.7621745871816447,1,1262.7850178224694
68,52,37535.748253834434,2,0.8118067183508864,0,729.2202778283169
69,31,54056.85238669758,3,0.3418490419172582,0,906.5006599082503
70,34,49246.42835826294,2,0.43369433132038004,0,1044.1156075090666
71,53,46415.77929700386,1,0.8484717744062646,0,842.1889138222857
72,67,36386.545069376036,2,0.36325535167581025,0,624.4320896723794
73,57,41348.43004147501,4,0.7939351334518513,0,587.5624633354511
74,21,61330.86838738634,2,0.9409923225744371,1,889.9966405982447
75,19,57513.75781436571,1,0.623210373068007,1,1288.9807898691236
76,23,35336.67132802174,3,0.7416272874518889,0,866.4417901132091
77,71,51489.98458143839,1,0.8050973120411349,1,1219.1117664483338
78,59,61270.80685057683,5,0.8450396488966425,1,956.5468659816368
79,21,24958.920783179423,2,0.39505333785679597,0,945.6868868799269
80,71,58150.402885699026,3,0.05126345917599817,0,699.0546614291314
81,46,40060.643615812296,2,0.4018762712367395,0,931.5446926441765
82,35,58558.98002889739,5,0.6737562297840898,1,1342.2954422605112
83,43,38551.11265186225,2,0.4503503857807928,0,616.120448901523
84,61,22926.768490032213,2,0.7489631508603986,0,808.0362189997531
85,51,25586.86343175256,1,0.3569824294686639,0,745.5597838424279
86,27,50721.27419992073,1,0.6347441411040295,1,1228.2801586143182
87,53,53895.83752582223,6,0.18641980485397458,0,804.3768525257483
88,31,36435.25062343387,1,0.7493694366449569,0,749.5345804382989
89,48,59578.88688166061,2,0.5456959688130258,1,1675.188002241497
90,65,25077.1990659656,1,0.20406438854660058,0,882.6437632237227
91,32,49008.80302029025,4,0.29191117349780726,0,918.8005114483344
92,25,31834.75700356315,2,0.7486087085818324,0,756.3944875166767
93,31,40222.45838296761,3,0.4826012356615207,0,950.8038556003239
94,40,50710.98006974621,3,0.2160314403930722,0,878.7569996663287
95,74,37093.799520740715,3,0.9672711903702976,0,787.4370671955404
96,57,44231.66683655262,2,0.7151250198168879,0,731.9579711112688
97,38,65094.39213821661,1,0.9571348325397961,1,1160.2058425675275
98,33,41346.62195715277,2,0.4271050453603432,0,115.35846714618701
99,62,62535.38168097712,3,0.47510034069172047,0,902.3071103335861
100,35,33054.397180135726,3,0.8979552161850192,0,657.3722914971086
101,64,57947.06266872924,3,0.5250493402453846,1,1474.360189432927
102,70,71623.5293098685,2,0.7072789119056672,1,1227.463845048395
103,41,20000.0,3,0.25217287749552997,0,387.42460384256066
104,43,38046.57116794285,2,0.44672646870264054,0,724.9294718843548
105,42,58656.081907708096,1,0.12344986581035511,0,596.4011791070752
106,62,46954.31920935511,4,0.20598003587696168,0,850.0510827769651
107,58,55567.188100569634,3,0.000943415267631087,0,836.1197548975083
108,46,40940.22219926269,2,0.03926505164866023,0,900.1955423828331
109,32,51298.8468120935,3,0.9772838231769293,1,1053.980934014925
110,62,47664.84146911881,2,0.2423536951367623,0,769.3611961048996
111,18,67516.73092489711,1,0.663310709504002,1,868.095992572641
112,42,53816.31264951819,4,0.8390996987996115,1,1303.1838682153834
113,24,55064.039931128034,3,0.5506604592365643,1,1267.996225860917
114,26,43821.84550816299,4,0.1531445000839562,0,833.5846817547247
115,41,42685.906638912595,1,0.7281164373361664,0,786.5649831995678
116,18,43511.627182705684,2,0.600251410099583,0,860.537855081245
117,61,55916.78213567445,1,0.7312505893473751,1,1296.6717609008892
118,25,43685.232787696055,2,0.7697466228570872,0,738.3819748157862
119,41,54346.62285344619,1,0.9754103676847451,1,1158.615713644644
120,28,81131.01197968159,1,0.57356328002671,1,1066.0141688269189
121,68,63066.87055147538,5,0.3416411126906018,0,675.8462717067706
122,34,45109.647017482384,1,0.6484645569002371,0,809.957349396097
123,25,68018.20883245918,2,0.06844070924262613,0,1067.72182442694
124,52,43878.86940467673,4,0.8973973183215863,0,757.8779140052278
125,52,20000.0,2,0.11938101133819679,0,564.754795271395
126,50,34878.70533623894,1,0.32784283788581825,0,625.8007615689015
127,22,21938.121184612166,5,0.8157453806261209,0,584.3138098168083
128,59,44727.297739380374,2,0.5973123783307118,0,842.3620176717374
129,56,50276.27568784328,4,0.3936355202774421,0,491.29340143123164
130,58,75146.55968412924,3,0.4734356593750214,0,1179.2642796914936
131,45,54903.910606462436,1,0.8545473932021803,1,975.0231607645171
132,24,46713.49206786704,2,0.34000438605989214,0,911.9485960329527
133,26,62441.083717752335,5,0.8696496848121713,1,948.1137267589589
134,25,20000.0,1,0.08813443097669149,0,742.5814692069129
135,29,53534.21837162849,1,0.7767984372086307,1,1181.6072634901586
136,51,61562.9779083045,1,0.8475476330547363,1,1128.9283728554249
137,50,27821.206313302377,3,0.18181765283733875,0,458.40209249028726
138,65,67156.31064810394,2,0.43034653237220044,0,928.7258443973551
139,72,55077.44611241621,1,0.16549977466365562,0,555.3259710815689
140,40,43770.681291487985,1,0.7066041289942178,0,738.9611683376246
141,41,59491.72799159427,1,0.5353477680616567,1,1377.383570878665
142,54,84060.39286706594,1,0.635323346708321,1,1280.836431426186
143,52,52727.99382587743,3,0.19648696695621115,0,786.3252543330948
144,61,53723.30879450504,2,0.21174586205241952,0,594.8298149931989
145,57,43109.58650689634,1,0.04149732550990637,0,848.815207520311
146,39,37252.33445802813,1,0.3220675351957297,0,722.3446733493187
147,44,62455.03724816369,3,0.559744661333675,1,734.9875229498354
148,52,37158.74261136699,2,0.8579349139973288,0,928.1131697198714
149,18,51073.49355829089,1,0.6669274474586807,1,1162.4204295893512
150,52,42835.13829852325,3,0.43539632339975143,0,998.2055734292057
151,54,57184.697386195876,4,0.9531201143941378,1,965.100444995389
152,64,55004.931579304226,1,0.7192452005758319,1,581.4058183279141
153,31,65563.0991638685,1,0.93016520286255,1,1153.3947566526065
154,20,42349.75401717879,1,0.5275879732721657,0,822.8203027495051
155,18,45951.87597059943,2,0.2589042747931396,0,417.5154818110207
156,22,35318.54426326539,2,0.052826686364721986,0,486.1754807794779
157,43,43335.60109885833,1,0.7260848514838505,0,1340.330039386657
158,72,55659.50739567279,2,0.12130299800553412,0,729.3057139481567
159,31,61354.829249680275,1,0.3027751282719672,0,983.2434543508413
160,56,36167.52013733562,4,0.5324709078838974,0,603.9527260013912
161,44,63044.088801584905,1,0.5644165877797477,1,578.8793563187425
162,26,70334.56788207426,5,0.600583196987136,1,1187.1416142168396
163,32,56201.523548355515,1,0.16625533034970064,0,744.5122387195266
164,32,78151.937188371,1,0.37973740482164875,0,848.7577786903455
165,43,38393.1620134464,1,0.6171942271169667,0,730.7570656776502
166,59,31330.179450328746,1,0.9698188646337847,0,806.4864380441495
167,30,23319.19626643582,2,0.7276311376996887,0,659.3357048513866
168,68,72440.66467233775,1,0.9226037570939578,1,991.0430564776365
169,49,59815.484845310864,3,0.762212058314177,1,1582.3655317774856
170,56,49166.229936343174,4,0.5917169688924004,0,415.12849550647127
171,66,54199.529394797304,2,0.19202336913634455,0,380.1284924307809
172,69,33117.66429052435,5,0.666685651892513,0,880.0929855821868
173,49,86686.27969425239,2,0.6233795659599071,1,1426.6966669983844
174,21,51938.31772962841,3,0.6024691704572664,1,1084.6360651734997
175,47,51640.92191907339,1,0.48978586798824075,0,528.0934954431766
176,54,60886.49935848038,2,0.5286566039892756,1,1197.6058222765469
177,40,57215.1384760507,1,0.33444252711810407,0,766.9705955547631
178,56,53358.26036418697,3,0.5193126926423032,1,813.2184421102655
179,62,38142.88316832032,1,0.19755590567847825,0,562.6642748048027
180,32,57072.025357039936,3,0.8051743973603768,1,1260.2427118313165
181,60,78230.3674471255,3,0.1857769546987078,0,1195.1906055633417
182,46,70181.30069232467,1,0.08496628988946642,0,775.51618191886
183,53,73897.79939959096,3,0.43624602635715737,0,1064.4112704968902
184,30,42331.76485353222,1,0.6583074395060619,0,394.6775541007739
185,49,35155.92769612129,1,0.43771682493354136,0,851.4415691966828
186,24,48113.19619850528,1,0.2767541319513086,0,607.4517112421611
187,68,50835.87368433042,2,0.5581711838904407,1,927.9343769740012
188,39,66412.87277706423,1,0.34700233541219994,0,817.2141137785992
189,45,24613.03055427771,4,0.9328676901266331,0,980.4347237408186
190,19,72943.2547919092,3,0.9226451396035721,1,1099.7087034406889
191,59,47629.88152131516,1,0.5023718199720955,0,913.9078491161515
192,62,43596.7839507887,1,0.3278839940182585,0,694.8708264964627
193,74,34818.434371097486,4,0.7371324139566391,0,716.1443176492186
194,70,25177.14992201346,1,0.03671294348306664,0,592.786265326532
195,23,62347.55875942872,1,0.47476900604365124,0,690.0800735026861
196,45,51099.76950782606,1,0.33632339427033353,0,786.3113937848293
197,45,30650.58650388419,3,0.9205358851025547,0,732.7768766053122
198,61,30573.818419045758,1,0.012003027272682543,0,702.3174445038429
199,61,44963.229510648074,2,0.5528148757183491,0,796.9986642636478
200,37,75035.32287934089,5,0.740663581066626,1,1412.2794133284604
201,47,46106.12972954593,1,0.48501798752404124,0,963.7341706096075
202,28,27452.855703228408,2,0.08540303016272166,0,435.679917166854
203,72,46313.85403871084,5,0.9724613900279022,0,1002.5699093144985
204,45,45909.146453784946,1,0.5180104313760979,0,544.0794899845637
205,42,20000.0,4,0.6141862443190114,0,778.9898020594482
206,56,49185.577002232814,4,0.23660978270750732,0,893.5366202224886
207,50,46535.98204686983,1,0.4834980851068038,0,398.76634041252873
208,18,60443.095472201276,2,0.42914949195832186,0,863.7262758627205
209,74,77734.34142418018,3,0.07489584200198374,0,802.4620686490362
210,44,66898.47544321636,6,0.10616035354746722,0,693.3553609837535
211,74,45966.669641677545,1,0.8374725196187746,0,1083.7510663100663
212,69,33402.11136887495,4,0.23981995220659025,0,560.2567239375499
213,30,88600.3970487479,3,0.19495827149863054,0,801.2224265699926
214,58,50888.27651021732,1,0.5049114512501393,1,1000.4157228154505
215,20,50208.939378694195,4,0.7687471313625129,0,965.0373592894057
216,56,49638.12369334995,1,0.06194651857898792,0,726.0555531226231
217,23,52971.271411517824,2,0.5768079196382558,1,1427.9109534458287
218,25,47834.593821140865,1,0.11921044284057336,0,857.2891457825797
219,44,41395.069896796456,4,0.03646105082561846,0,274.97919062025807
220,26,41797.115881394115,3,0.05274395216221739,0,608.3665819217906
221,54,49508.70094676002,6,0.8341641082084413,0,718.5914956843044
222,50,41848.62843299352,1,0.11797248362806156,0,816.9125812136582
223,68,39307.313259842536,2,0.04515136441229195,0,176.0882914656196
224,59,51596.453415378455,1,0.4378998871429123,0,1311.5741975347278
225,61,46175.34173868717,2,0.8439934719420248,0,921.4812748664804
226,41,72559.89482874033,3,0.26240837648930193,0,918.8156725761701
227,32,20000.0,3,0.4217126175259164,0,878.4848050364209
228,71,66372.60277883692,1,0.03992253256375122,0,1304.5860777130847
229,49,68691.27788746444,1,0.4490785141348759,0,1062.5135697684905
230,49,20000.0,1,0.5776130806371337,0,847.5239273580373
231,41,44859.68608879477,4,0.5709070537521448,0,807.5271407120648
232,58,44428.38701006313,1,0.33242669217436516,0,727.0794535943625
233,69,28887.32457923268,4,0.3155331806631355,0,580.8308521614968
234,66,38332.74968613687,1,0.10662361893659789,0,537.1037119814357
235,66,33341.36231801257,3,0.3667983206462684,0,565.9838237147902
236,69,76284.05665135435,1,0.09949466887296465,0,621.2585572754715
237,29,64035.17589721191,2,0.7665959447120516,1,1124.9906730147547
238,56,69073.32642491237,4,0.9662742977481859,1,845.0784070623969
239,19,60825.08096064853,2,0.9700744566667069,1,1173.6026590708498
240,20,33064.22343174156,1,0.8650710993753938,0,744.5621054877788
241,66,42132.196005803395,1,0.6007921493396191,0,800.1272546403164
242,54,57340.61841841877,2,0.7008656972438799,1,1013.7091862227073
243,66,31668.082866620818,1,0.28520580268041407,0,1302.233068637246
244,73,60694.97645258582,2,0.6307704201726206,1,1459.4073551788128
245,34,46395.119027627974,1,0.45564954943987745,0,528.6320500651831
246,66,44377.68788675604,2,0.4820173397769325,0,816.663790896853
247,19,60664.39952305237,1,0.757776560375158,1,1184.6049576660162
248,19,56663.9496722906,1,0.28191835559725165,0,608.6156385796953
249,45,44585.507512713804,4,0.3180396116945199,0,486.71708450823405
250,71,67389.94705046373,3,0.9246417911286366,1,1353.935059653538
251,40,33784.05008600154,2,0.056224294850972245,0,538.2666329011902
252,54,59239.034104163955,2,0.4856342984133404,0,1038.3238051671947
253,49,58896.51886952575,1,0.9128008004078617,1,1144.1522571844498
254,50,45356.803410290144,5,0.610363007818157,0,1062.6031948755563
255,18,54891.99533363177,1,0.5464070742121321,1,1025.8526716785916
256,36,31233.296354220456,2,0.2497441792293552,0,776.2140218324398
257,19,63860.40528810352,3,0.34327548906444827,0,980.1204186754226
258,70,47226.46795335517,1,0.8520484158046929,0,726.5015463264522
259,61,42159.154692214404,2,0.5592181317684581,0,612.3631951593428
260,43,65735.13838755334,4,0.5147421937567799,1,1418.635559595377
261,49,39434.84464185861,3,0.09957971354002892,0,752.6313697097066
262,23,28873.080554546606,2,0.01602815645512312,0,773.161768560593
263,49,26650.562397141442,1,0.9636851886870491,0,565.2061284888266
264,72,59090.14927018459,3,0.37698616728684164,0,589.2924697751683
265,21,30793.559712555754,2,0.6032130620995043,0,600.3991498743071
266,72,76321.91272976546,1,0.07971507318728499,0,864.7767934895564
267,28,20000.0,1,0.6831142857230466,0,455.46742720883486
268,73,75446.84552435057,1,0.9325667087059609,1,1369.194943884979
269,34,53165.26200803927,2,0.5756652529974197,1,628.57656261445
270,55,48549.30332194411,1,0.12611532237541057,0,531.3485643532872
271,41,41826.21369786575,1,0.5817215274734767,0,901.4854708920515
272,22,55987.04171528106,1,0.7663472131046524,1,1386.5085678499138
273,69,49435.47946362727,1,0.40641653657401866,0,709.4436978981649
274,51,66549.52823024782,2,0.8798377479414679,1,764.9507623812002
275,23,51713.41472993059,2,0.6486829533573645,1,902.7579204485834
276,39,52254.52642192817,4,0.8992489182892025,1,1182.5582566174253
277,28,44545.81681679216,4,0.6235053112473372,0,913.9833135377527
278,65,49145.81564418399,1,0.13128797200482423,0,944.5070136902673
279,33,54617.026533380886,2,0.3096917111051891,0,704.7479566810296
280,50,24347.474110150615,1,0.20179494825245692,0,411.218380179042
281,26,29777.218668414305,2,0.9088264977168623,0,793.3374706870244
282,23,61148.96141034072,1,0.7604000672874827,1,926.9402516655646
283,33,52562.981571919125,1,0.676398368910006,1,1077.3777602256357
284,46,47240.24995470981,4,0.3009663196316217,0,1031.3530998241188
285,20,50276.5089959809,4,0.18404477205021352,0,935.2101078980793
286,37,55213.72558042507,1,0.7564510879889118,1,1223.914211394115
287,53,41903.60479535958,1,0.47415794587907967,0,502.55001834216125
288,36,38325.42911896531,3,0.22578955215062912,0,756.4854143040212
289,43,52937.67882646522,6,0.6166219781652751,1,1418.6671202445727
290,20,35324.40833577452,1,0.040333852138451975,0,605.5286937396107
291,36,56123.79133571708,1,0.3261702541282535,0,1083.4588000887538
292,37,24461.245936432395,3,0.46855699459113465,0,927.7109870449168
293,49,65437.33455988466,3,0.14795833410940584,0,1174.7290726390586
294,24,57088.96223619564,1,0.9846544775908396,1,1261.088838512602
295,69,53840.44601470813,2,0.20909736458961425,0,907.5903064937046
296,58,64740.36475918271,2,0.13035313004326554,0,1119.574594466458
297,50,74982.11666693864,1,0.2035348738868964,0,984.7428581371779
298,57,65215.55097527196,2,0.7690611331597242,1,1016.6641302947559
299,56,22386.88653002532,2,0.4255056592718428,0,564.7764312717386
300,35,30806.345498964478,2,0.565415939752538,0,758.284312224824
301,57,40627.72133456482,2,0.021009156986360744,0,447.1272379822164
302,18,50391.36575316251,2,0.034431308573314556,0,726.7481765503055
303,28,57764.88530703685,1,0.44582554982701617,0,1052.7164051639365
304,45,39113.84280269802,1,0.8166552432016235,0,338.98396810059626
305,74,52801.50146715617,5,0.8852388787075652,1,1469.719554617764
306,42,38669.256014700164,3,0.08670656759564022,0,926.4917805736968
307,67,40827.23295512078,3,0.5383631021010228,0,666.0195518196109
308,40,28900.083547276667,1,0.9132296862792705,0,844.5015519386722
309,48,36151.50130833643,2,0.38797275439788637,0,720.1843273627361
310,47,29724.730915754997,7,0.8295658314283686,0,977.5783114093485
311,59,35361.90120534001,2,0.1336956543994362,0,886.715700020632
312,52,65804.62694911759,2,0.9353944896677987,1,1165.698330178541
313,24,35759.01666752085,3,0.7514233175313026,0,871.38989778357
314,33,89485.73097256086,1,0.9413343927869017,1,1377.5767029032218
315,43,57399.76851321334,2,0.6766172335525065,1,1171.3380744936667
316,65,52772.54185542311,2,0.363403931999427,0,654.5687222830951
317,74,37124.6332972818,2,0.9381811725247224,0,1129.0686975630483
318,69,60504.64819113487,1,0.2755667763091785,0,1038.0922825671073
319,66,41365.43260643339,2,0.33217252206173253,0,592.0901824437467
320,19,51830.147219680424,1,0.7008084180017403,1,978.901108542052
321,18,88401.26807403192,2,0.7653162995253863,1,1074.7271034482087
322,65,48559.10150413025,2,0.9294034838491538,0,922.6363851238278
323,29,67239.09989428514,5,0.2048024090562095,0,904.7169091662912
324,22,39452.35362311169,2,0.797998035219224,0,1027.6881365911295
325,54,49475.17264254557,2,0.7385460533969634,0,979.2144129885946
326,49,76562.00953453264,1,0.06379455625359787,0,1083.1033084486041
327,72,40595.494133183485,1,0.38722314121020696,0,807.0708649090255
328,26,77186.72836995393,1,0.2827654570600986,0,636.3504415135815
329,58,60616.279031832135,1,0.3044904243540304,0,794.3907313651835
330,52,41562.99836158598,2,0.9829468795547008,0,1018.127627745133
331,36,59486.116085832815,4,0.6427774134799279,1,1106.8387057692282
332,65,64588.316744400945,2,0.7176761577934996,1,1500.7091422347635
333,33,59327.149433257946,5,0.9766176373150092,1,1049.2932708363655
334,20,26446.629201643154,1,0.3772017824576387,0,463.99095454561063
335,37,39092.94236262697,1,0.8018401684528059,0,750.9799158491933
336,41,46287.22046672743,2,0.43453096330449537,0,836.6986872706174
337,71,48883.498563499306,1,0.8695336718149798,0,700.2333161067058
338,73,59310.08146326017,1,0.18065754131130318,0,767.4739124760976
339,50,52665.51501399881,4,0.9476861770642796,1,1055.3159542172493
340,41,29969.83461934848,3,0.21877170841087967,0,895.5753274506494
341,69,55702.967765089445,1,0.3262205069809315,0,752.2457380059336
342,28,59158.786179257346,2,0.7561922341067805,1,1402.74017885092
343,66,58396.856718965595,1,0.3937551415654067,0,1137.1093678595503
344,25,66211.71088331932,1,0.6082113767664467,1,1175.7460498943522
345,53,62508.83231823356,1,0.4445735010694285,0,655.3117651886407
346,55,56887.70118842655,2,0.7423699370897818,1,526.1228667252974
347,57,48947.51432812029,2,0.22833125236861085,0,473.1632822721042
348,37,25085.58599726013,1,0.05845798723687701,0,356.50676373025635
349,52,56444.273286988784,1,0.29992939747306624,0,1087.9082316745514
350,65,53115.31530744667,3,0.47430866486843026,0,836.1723604694655
351,42,54073.6825579306,3,0.16802005219267857,0,865.0913228273183
352,52,30848.77136269536,3,0.3547972896563887,0,245.63938399209047
353,42,33784.151893876064,5,0.3999830182935685,0,469.3257754552848
354,46,65797.29279999355,2,0.05739184368827355,0,1012.1416036580526
355,35,49406.672692150176,2,0.5833072481842045,0,862.7189107556886
356,63,60222.510460589365,3,0.8843434279712875,1,1199.3971904177777
357,35,50424.77564195692,2,0.15174291295305242,0,880.2666412251143
358,19,50446.34209243618,2,0.597808013401514,0,1139.1720730294953
359,71,64074.25708963996,2,0.6647392049108463,1,1062.9253566093762
360,52,42259.32907673939,6,0.41933468041928834,0,767.1040739572396
361,33,51441.811654114754,4,0.70109758736427,1,1209.3323045900515
362,58,43065.87066942436,1,0.41073154349101204,0,1234.8244347510215
363,53,43482.55658851527,6,0.5046372879774349,0,348.0052588565147
364,50,45362.41814797041,1,0.00735304455442698,0,864.1919981530564
365,21,53332.00657450569,3,0.6917201141346888,1,1013.0409170050791
366,50,42818.77067504784,1,0.6613426789447244,0,893.5824665065476
367,31,68836.34188360281,3,0.03840087732634456,0,716.5472863517036
368,38,36580.89046670744,4,0.3682501073951331,0,709.9364569013605
369,65,47196.92533757961,3,0.9790318407916674,0,976.1699266601638
370,37,43404.034125887374,3,0.4207365625686168,0,1381.6758670950667
371,73,71704.668265306,2,0.5019454051318417,1,1417.1201619333135
372,25,52948.32164767362,4,0.9099301581597186,1,869.0934338085608
373,24,65477.66809202952,4,0.7172618758657564,1,1002.9544558188738
374,20,27716.59440444542,1,0.5820701311242236,0,606.1071634578786
375,34,54005.75398803888,2,0.7978046813410725,1,696.4745851908742
376,50,63344.46193435155,2,0.8643662664559733,1,1082.341316102954
377,65,51234.259839131366,2,0.45688807173726687,0,948.4259227337325
378,29,65982.20562598026,2,0.4751083649318354,0,622.5754408077258
379,68,42240.673248494415,2,0.3860509356518358,0,959.504990017774
380,39,71140.2116027837,4,0.9667061400184606,1,1191.364065555673
381,72,84483.47185428876,1,0.6971662542903504,1,1259.2941049557874
382,39,44557.42159340512,1,0.0832230662080723,0,702.8034871202633
383,63,43317.462178988426,1,0.8629596233130185,0,1122.5476347544507
384,47,71800.7671567655,2,0.4805599408362681,0,1053.7693925686274
385,55,73693.58218596068,1,0.06875390642248747,0,877.1000325516816
386,55,42157.09959270098,1,0.549717255163311,0,718.2205600876391
387,62,43697.19774356214,3,0.4171642789757021,0,775.5242307057129
388,68,45773.230867092396,2,0.8777494048626249,0,714.2883832332637
389,71,29833.242334485843,1,0.20399460360938737,0,248.61577088956503
390,25,36220.22080273703,1,0.8264646094921829,0,1172.1831470698494
391,44,34937.88849871898,3,0.5576886911854527,0,761.5233114520205
392,44,38483.03652343807,1,0.05461030321346905,0,777.5056659630447
393,51,49479.72668919828,2,0.9718453013254846,0,833.0016136031581
394,38,53513.22098804781,3,0.5126152441031999,1,1011.7270884995742
395,47,73257.50739221115,1,0.2908768542315825,0,858.1903261944599
396,50,35024.68938891814,3,0.4694068419892581,0,402.1851787046542
397,45,64764.83597714876,2,0.857857783517489,1,1633.2511684464139
398,64,46790.16733661736,3,0.3049031243850635,0,517.5387494371139
399,50,49258.044355213504,2,0.19267639648670032,0,559.1646046553017
400,22,60122.29238249906,2,0.12907124693088146,0,725.4667457283034
401,65,33159.16967656552,3,0.29785939839021125,0,953.1969331923243
402,36,55736.14619276076,2,0.7800480870400435,1,1100.8758124583242
403,21,52496.78312319584,3,0.4716263651952617,0,562.4193929294129
404,52,57386.76896012224,2,0.22748160369353998,0,1060.5496773214331
405,66,54337.52965861727,1,0.1661849996097492,0,934.5062736111576
406,34,86829.50209866342,1,0.3327294765103791,0,1075.1074495876453
407,61,40433.900236230256,3,0.9399243728857088,0,939.3087867038903
408,45,42035.04567497274,2,0.3430267125900244,0,1223.3502797503563
409,47,40652.89210362853,3,0.9881240759546354,0,1239.0958471208287
410,46,41667.843212596184,1,0.4852304557653562,0,619.5191930388575
411,63,40439.19309040223,2,0.17916391829015088,0,1044.8893558432567
412,70,67835.24796661327,1,0.8911400917935094,1,1386.6545073380298
413,23,71307.56371984782,1,0.4603553731348269,0,1002.3925191402717
414,52,41438.805593757854,1,0.7096713435045244,0,439.706995990576
415,58,37514.66640343657,1,0.9837115832091518,0,751.8673372604587
416,54,57071.23334579606,4,0.050175350319974,0,627.8089836936648
417,41,41716.65433578543,6,0.09669455978756714,0,883.8644906363457
418,46,59493.97726633266,4,0.7204567414627562,1,1342.0878172336973
419,66,53043.845312769496,3,0.281825003295472,0,378.50445669013243
420,63,27263.838275041522,1,0.18430139695009906,0,650.3423582693634
421,70,73212.57801995092,4,0.039361879819729495,0,1094.3713790405782
422,48,76938.16509643283,2,0.021846711986201806,0,849.5397042180954
423,52,40808.16964273421,3,0.7744856031197909,0,927.3021375261231
424,50,44184.47660096024,2,0.13443342736955,0,804.598819267173
425,69,54287.98086087358,1,0.4677206159711509,0,886.5440122920082
426,38,55016.851849805375,2,0.605896815179483,1,1166.8511452653877
427,49,59878.164090092454,2,0.42835180056884625,0,598.909839680205
428,40,80153.06808149524,3,0.027106652336233106,0,679.169976156094
429,50,47345.79158758926,1,0.7835015025879088,0,956.9496110878007
430,20,38025.541331923196,1,0.010513224541653488,0,695.0706802175579
431,35,29310.21157978209,1,0.761889894377484,0,695.037598415214
432,42,39036.04940087121,3,0.8933044937881227,0,699.7326879186978
433,59,49503.095406893044,1,0.4328399210571723,0,729.7617000440321
434,48,76918.36795276681,1,0.5355424730977982,1,1519.7731444933397
435,71,42235.830514457426,2,0.47698339261765377,0,691.8286754604471
436,20,53356.819274583475,5,0.3892086186234388,0,537.4920155749476
437,57,49753.65655890872,4,0.8874245353703603,0,986.2410914396143
438,63,67825.89910172127,2,0.8939335106699905,1,1160.2541817801107
439,41,87903.98638810433,2,0.3358163646415345,0,979.3807415112303
440,67,42036.96840619519,5,0.615069754014698,0,1093.207478712348
441,49,42658.40836222667,1,0.9269075621458641,0,801.8706865556182
442,64,65662.41315603608,2,0.9620584989413515,1,1232.6192131566513
443,39,60228.37234439467,1,0.5089590404220475,1,973.8982020167554
444,40,77700.6098860405,3,0.4528248052843268,0,889.8516394884432
445,19,58758.92277988946,1,0.2786943159285258,0,943.5692545340202
446,44,44610.61863819411,1,0.95887187319041,0,507.8655337417631
447,59,58859.82246038464,2,0.14281430447286736,0,848.7495613723519
448,19,66630.55370874362,1,0.579829576047725,1,1134.2120604045829
449,43,62307.23271796046,1,0.2825502675186389,0,848.0486814591541
450,34,57609.11046660947,2,0.2790082903477966,0,1023.3781610994757
451,57,66000.1203438373,1,0.40496858737618846,0,937.3851634265096
452,50,67539.4338566851,2,0.9987929358156545,1,1666.856578312178
453,26,70732.38486556291,2,0.054966306839822066,0,660.4406518929895
454,60,59730.64831384464,3,0.5785418182035315,1,1215.713994628129
455,71,47493.22879524718,3,0.08257215803527718,0,762.6167170577531
456,65,52200.705296499844,1,0.15452082999051897,0,562.6047107305351
457,56,68097.63449762535,1,0.4395629417728987,0,1075.7034670836858
458,46,37745.964935191456,1,0.5104601313464413,0,1204.710498981165
459,59,55530.099633093516,2,0.258792408364524,0,800.1285241051538
460,72,44099.91781508959,2,0.3164571308744162,0,853.149519817643
461,43,50431.17234402226,1,0.08696702025593306,0,777.7562589087701
462,52,69176.77793910948,1,0.3032197838442505,0,733.4889340985372
463,67,52866.48602029855,3,0.9665584393805441,1,871.3722908869315
464,42,50696.54822234223,1,0.9447073816724817,1,1016.1511323037473
465,41,29602.15788530121,5,0.334878290136985,0,403.10694224985826
466,30,61193.80349040831,2,0.5708539362787616,1,1416.7555236909782
467,24,59682.26271711613,3,0.9095953911109443,1,1173.5642375942034
468,74,82448.8208495819,1,0.0061838226408966745,0,843.678620702565
469,53,45383.32647570499,3,0.8106835703375919,0,985.8157543698453
470,62,53287.254914959085,1,0.948369552788919,1,945.6703846505836
471,37,53740.75525566133,4,0.09132573433355706,0,624.4635421107519
472,18,73661.79919645212,1,0.16144768603292103,0,898.0682184352769
473,25,48570.567014195716,2,0.9607463027713554,0,1044.6812636328102
474,63,54185.32288655509,3,0.5375401436403463,1,1248.0787227071894
475,33,59118.44764574809,1,0.014196634471723701,0,846.6769301790894
476,31,52799.13684734537,1,0.25763199876352916,0,805.382431160283
477,29,43303.49578174208,2,0.4499436742688596,0,841.5590174409513
478,68,52911.34989347462,2,0.6929089110247677,1,1280.4635908990224
479,40,66104.47624789659,2,0.7331603781367996,1,1231.6267386366058
480,32,34602.270508834095,1,0.9954215129254561,0,781.7693481633464
481,45,51994.54511220314,3,0.287511199383759,0,573.9861137158412
482,51,39498.1877759124,5,0.5382201018684752,0,767.5294576465742
483,19,67925.69943387264,1,0.533323547859605,1,1200.9266810374543
484,49,27152.19642824338,2,0.4056452594472375,0,1184.201832642513
485,40,41616.17229092617,2,0.1691618938424202,0,717.0181740885305
486,39,55658.17812596781,6,0.9774565631838426,1,807.8897370069702
487,68,73482.86043851511,1,0.8533171866665861,1,1205.2115198140125
488,42,49013.746083905186,2,0.4983330282942372,0,898.7737823765272
489,39,41672.00709960202,1,0.6032454226840298,0,1103.3573669969178
490,39,78217.35604160884,1,0.2272610535596623,0,795.9224055762668
491,66,28279.79149375634,2,0.5437870703917469,0,379.2920697032284
492,69,20000.0,1,0.6949701331214758,0,832.8644155983438
493,59,56600.216750799984,4,0.5151670283865888,1,846.9508082328421
494,23,42469.18663471083,2,0.9902851705849413,0,724.1433619305512
495,32,34681.5077430393,3,0.6113416562477262,0,683.0176072377703
496,71,60625.3467094903,1,0.37097371259216905,0,826.2974141466467
497,60,53657.010706567984,1,0.7721520276158381,1,1436.3666041447323
498,54,41538.820538949076,3,0.17046251158164205,0,588.013497395632
499,50,30795.434019936583,2,0.38451581370626653,0,637.6829010369574
500,25,63086.859924202174,2,0.34695895037758584,0,847.2761240688917
501,70,59753.017669379915,1,0.43180709510777726,0,871.865389361435
502,61,48512.36204330926,1,0.7817798259287263,0,840.3052277510034
503,61,77699.554940715,2,0.48417303216340746,0,1024.1162329644317
504,22,33948.72850510771,1,0.7940144502659627,0,917.9129894804823
505,56,27117.122436128917,4,0.5764889031398659,0,771.7613256248248
506,21,39621.378951781335,5,0.34206943465755535,0,823.030942926506
507,23,49316.209754667536,1,0.8099787436834724,0,511.1342897923894
508,62,53650.091739840376,1,0.23828967055309158,0,802.1249655876471
509,49,46381.459132155054,6,0.2243829797997955,0,850.2471032410765
510,69,55280.83094771445,1,0.5045029240548358,1,1215.5242886497272
511,47,31226.90863714334,1,0.2608492459620889,0,543.7493129351667
512,64,71656.46906109889,1,0.009087034951216322,0,727.383193822887
513,52,48767.732324111465,3,0.6482975272988015,0,693.8482792937178
514,72,66759.43747382192,2,0.511093821472398,1,1287.596466620602
515,57,55140.88019566556,3,0.4455178144931612,0,1027.0323934124858
516,69,56851.29828730676,5,0.9669685146183153,1,1167.793772591654
517,33,58546.50920348306,5,0.5711991839629137,1,1390.519360690149
518,30,56715.628400259724,2,0.8634315777893845,1,1172.605888487673
519,67,59640.84139801316,3,0.13945023620516017,0,787.2920751780946
520,59,69937.28795198648,6,0.5692064631294277,1,1127.1523389569327
521,47,52947.817545522055,3,0.8679796267309029,1,1153.0980826291875
522,36,60635.05636382769,2,0.583105757279898,1,1252.3615066443551
523,34,48653.964585691596,3,0.7180141781270015,0,1270.2363262706854
524,73,71601.75823174209,1,0.3720435678122074,0,724.7682193404664
525,36,39854.115469110955,1,0.09244951703706661,0,812.1358694552566
526,45,77014.10649366223,4,0.4579002951270714,0,825.0203600187158
527,72,49397.63074033485,1,0.3944793908388575,0,612.5786953878313
528,43,28538.373468229278,6,0.8670601823789473,0,727.2244581720468
529,54,51921.56622366184,2,0.24399530235247224,0,811.4778572349636
530,43,39784.22513787678,3,0.9667342275351081,0,1379.229259454913
531,70,62609.65323483086,2,0.9581381198044961,1,1181.2705941819559
532,40,40210.640310464136,1,0.2476316430714387,0,499.78061996252785
533,26,43307.248501778304,1,0.3480519554773205,0,805.9435815555007
534,29,21656.889035817036,4,0.895555740873885,0,282.91201175720005
535,70,43215.405211263846,3,0.9666222208961075,0,794.3478916250768
536,18,20000.0,3,0.44343910283604404,0,647.5489667426365
537,18,26241.45764771415,5,0.3209970456408978,0,822.2270693917028
538,64,61406.21984216446,1,0.526094013251542,1,1293.1889864710874
539,51,61787.00237976248,4,0.6877692063657348,1,1190.5927933482246
540,49,56381.86342677447,1,0.2734745153749798,0,779.1339657453838
541,71,35495.3578530618,1,0.7364731746190728,0,597.8999406050821
542,65,49284.3296578703,1,0.051657357114641034,0,525.9748730392769
543,42,49945.96191364148,1,0.04929449276441644,0,816.6382147207759
544,57,32624.529662111858,1,0.3862877051455452,0,447.03430910579397
545,62,72550.97452650726,4,0.3534731920607206,0,815.1768117242357
546,70,63160.43435863507,2,0.3156332153671523,0,648.3307013500431
547,18,46685.53739255504,1,0.49101976266891,0,892.4663004877182
548,33,50403.28758491796,1,0.32073358231157123,0,1144.3758160090445
549,56,53125.74211921329,1,0.19225791846809193,0,524.5369058822095
550,22,20000.0,2,0.3094695490886009,0,260.34325832934627
551,39,46292.339262191046,2,0.974904272810235,0,803.9747465219652
552,46,39770.23628003302,1,0.4111134169948486,0,743.1020822912017
553,72,34975.69985157627,2,0.44471277685833577,0,763.0816382951745
554,20,45783.495606710676,1,0.57654498995114,0,697.3078739817984
555,29,76965.29790274284,2,0.9833407684142266,1,1070.1144176397086
556,43,59612.64291900515,2,0.241601276435763,0,895.7254243467225
557,33,41432.31515325805,1,0.6812821105324338,0,983.3759653485015
558,68,58588.74172034238,2,0.7159846935417241,1,698.6524442902224
559,54,70990.33154879004,1,0.6073244167930659,1,1183.5763690652757
560,39,63869.50524369153,3,0.08857833963664408,0,870.9671189703347
561,74,50894.45554880261,4,0.6768722758275765,1,936.2592287960767
562,46,40295.94833441639,4,0.06409471103617548,0,1054.1231391291594
563,31,60473.34970420385,3,0.5961426495498969,1,1143.1990312819485
564,45,55902.28078132625,3,0.7395811772217427,1,1037.572865487143
565,22,63427.89830041598,2,0.21096989061995042,0,949.4408999325332
566,64,59527.57702522954,1,0.841622007542774,1,1159.296844448023
567,66,65743.29072979002,2,0.030353805533004263,0,462.4372246413671
568,47,41971.47182659148,3,0.8438128636583061,0,708.5077401154814
569,63,69760.91098451489,1,0.4603290506427651,0,1100.7255711722592
570,69,52963.994070386,2,0.2175879399316445,0,719.1997389880668
571,22,81128.91308937898,1,0.133778144993968,0,749.735519654496
572,29,39662.18272865648,1,0.9533071675823725,0,978.776072302064
573,33,76039.45704747873,2,0.07266558758115671,0,821.3088647908988
574,43,52968.66175193972,3,0.19909341993592566,0,682.7204880232476
575,43,40228.72994578327,2,0.34782234743304596,0,765.8171024048828
576,65,42741.71248918518,1,0.6202348489611205,0,929.8820892657953
577,38,45194.7903770852,3,0.5448010852760984,0,1256.796766759545
578,56,56362.48919602875,2,0.12564349241231398,0,959.8240167528597
579,53,57842.5323205325,2,0.2897279837382146,0,1050.1534532541527
580,50,41394.49994092131,1,0.23875177108602408,0,629.6544370156379
581,47,49634.68111608526,4,0.21354285449034138,0,564.3540698355652
582,54,82134.05537917795,2,0.41114433647998705,0,964.250980467713
583,40,75913.14755151067,2,0.7040314525916569,1,1369.7881004292528
584,27,56544.85504511048,1,0.21745293221723594,0,588.7670201743565
585,71,50570.05217252301,2,0.3666788797029814,0,754.4592428521106
586,22,51800.46990077392,2,0.39091742684116226,0,877.957612531812
587,53,59202.769590956246,2,0.9764565294354102,1,1176.3786785300263
588,51,34658.111522023915,4,0.9546663568790689,0,869.6147639748809
589,69,46139.35193864982,1,0.8001375827520759,0,868.9034639959452
590,48,24971.238891836158,1,0.24165892081918516,0,547.6203546870881
591,27,55988.34683907919,4,0.06803731409166969,0,683.9653402747944
592,36,59707.939095541115,1,0.31690413772062476,0,590.4398296509928
593,49,42752.20306550939,1,0.26679454943383085,0,1097.3954781079487
594,18,73609.80144935049,3,0.5059258001463939,1,1218.1039707749887
595,73,31613.515054964882,1,0.7777279100677931,0,690.8697551226333
596,22,28034.376796852695,1,0.858322938878858,0,540.2457615816576
597,62,53366.77727839958,1,0.8448640854105085,1,1790.5274874344755
598,21,65706.47453918232,1,0.35967556122306776,0,649.8343223736392
599,33,75258.91537186803,2,0.6872343434606829,1,1016.6466143721486
600,41,43116.7360569659,2,0.31283419752422004,0,830.0344672944636
601,33,66180.21250146943,1,0.06090554323518271,0,957.034209979721
602,72,49422.372957489395,2,0.7015652656029423,0,1008.854802390878
603,19,47410.59050088771,3,0.009827552569787845,0,1099.55740931527
604,66,63254.89906230009,1,0.40918258745848857,0,958.4242851494918
605,45,59784.84317620129,3,0.32937926930207573,0,620.6559828178805
606,49,26354.11764523626,1,0.6933775385188524,0,649.7193170537103
607,44,72148.10524588844,4,0.7662454727603789,1,1276.7534076366435
608,37,70701.37031221177,5,0.30409463597128383,0,1297.5615234593522
609,41,40616.55947735706,1,0.8116270144448535,0,504.6844031464112
610,29,55937.05300156114,1,0.29391676050493376,0,1049.5922421033445
611,67,57410.45279424108,4,0.4463263599865612,0,867.6677738791449
612,52,53910.10648735861,1,0.7270185270141339,1,1345.8626598133799
613,50,41745.422692318694,1,0.6929202292247886,0,757.6201930568859
614,50,39925.64948092923,3,0.9873684723122,0,629.878568610601
615,68,49616.688935128324,2,0.22516102421593187,0,920.7741029775013
616,60,67590.93528889047,1,0.6623179135395824,1,1427.9658745727563
617,54,58154.002318916486,1,0.6096819082757774,1,1285.658919177287
618,29,44440.78501870841,2,0.9150984544900299,0,811.0528434668181
619,20,61575.48065972517,1,0.15636214164487505,0,703.5492127991436
620,18,20000.0,4,0.751798163586933,0,363.42241735392497
621,50,67231.48550558156,3,0.5682686162687683,1,1187.433353183158
622,57,23904.293318328506,1,0.2746658697879054,0,731.7659500592302
623,27,44563.38587895302,2,0.4744349141471741,0,577.1038942366907
624,60,33204.95158060784,4,0.3337765970697978,0,591.6876829506941
625,61,30579.777864186413,2,0.5793134027884609,0,617.47846720949
626,46,67412.4018106778,1,0.8890006108146659,1,959.552521810473
627,30,42984.48198032163,2,0.569304984412202,0,608.3164290218016
628,29,55197.55822596073,2,0.631722418326584,1,691.8645243256007
629,48,49296.19131681224,2,0.5187478471147094,0,715.8599389179449
630,63,57155.612408346824,1,0.051165506445475906,0,643.1551130203692
631,19,51152.32836590383,1,0.23285855687609425,0,453.6465133437788
632,68,30755.116637171457,3,0.49200172943208276,0,1107.493802242962
633,67,64944.002291707104,6,0.31023528374470477,0,1106.2516860388523
634,52,42593.65125258031,1,0.18176359776119422,0,575.3407317350238
635,40,26651.271520103735,2,0.5041328419184383,0,738.1539211230844
636,34,43578.27258551131,2,0.3228097934478503,0,833.6653602366006
637,43,72511.39685951466,2,0.2581076431734147,0,1126.58491956961
638,25,62753.32613170239,2,0.4639854174403808,0,696.4441670705344
639,46,44770.21798388211,2,0.13328425808217315,0,955.6008725241131
640,43,44761.13443522357,1,0.9277457330754073,0,706.9991846422716
641,27,45175.47423173926,4,0.867702097919239,0,545.4751001168976
642,43,81151.21975341262,3,0.7076205857405353,1,1470.7432074245805
643,51,55729.0317834733,1,0.10621382758845621,0,1047.4182265006978
644,68,56450.624707866045,2,0.775877254469693,1,1751.604873131449
645,58,65454.25181047763,2,0.807957328109019,1,958.9250922249427
646,24,53581.8373853977,3,0.7677646177143377,1,1176.2781488432668
647,21,46114.36781268945,1,0.11396588711924116,0,660.0081790166648
648,70,47054.75226372533,2,0.6439079570677647,0,956.3362991302093
649,67,48925.98110878904,1,0.8343247957493986,0,533.9644748726349
650,62,49441.66645235238,3,0.5773534012196677,0,552.3897172440159
651,28,60914.4431545547,3,0.646407375228089,1,893.1181175383249
652,46,50779.18828710949,2,0.4583634794263062,0,815.5250985117949
653,73,60989.60115823369,1,0.5287073198840526,1,1040.9480884775578
654,53,48789.251298371266,3,0.034376858351725215,0,879.1948111097126
655,42,51179.52785474136,2,0.6389630219732846,1,1417.1600167180611
656,38,20026.989732018385,4,0.08144721289115919,0,728.195178198279
657,74,63744.91512053722,1,0.4350145943402234,0,1185.983562968882
658,53,55197.32713846989,3,0.2926550976674078,0,888.417471350159
659,27,64970.15164789478,2,0.5454279502117131,1,831.9943400970644
660,54,20000.0,4,0.13341633552320709,0,886.0169362599886
661,26,81325.62057171091,1,0.6916434019733182,1,1299.6432067684584
662,41,47906.15557767239,2,0.7950115369284704,0,1001.1156315183231
663,52,66622.74225106275,1,0.1633544497431565,0,1164.1959995406505
664,66,34401.411093117036,1,0.10431308735188216,0,773.7759663468531
665,52,59191.608575938546,1,0.14551548278735915,0,511.27782852549876
666,65,34198.76655239516,1,0.8771275618985017,0,575.0641556498676
667,53,40643.465589562926,1,0.5281892617563562,0,1020.5851475004773
668,35,78710.4703080018,2,0.4672609960075026,0,906.4539140121959
669,66,47139.7639885498,3,0.10671181910235428,0,762.2847088414176
670,56,53261.49309769584,5,0.6495560067569618,1,1169.6259308034014
671,49,63051.015960331315,3,0.8679995918950899,1,1306.642453730559
672,41,57435.22831958907,2,0.828185869323453,1,1167.175418662514
673,40,52256.28357715365,4,0.6260547089808013,1,1059.9932451012512
674,49,55474.41503699338,3,0.07527871665167363,0,722.3662577036628
675,54,86051.23377857413,2,0.11239702717601296,0,1113.0756366687406
676,29,49135.71804449622,1,0.049308987109824676,0,861.3233951470222
677,66,53016.485700724515,1,0.2574792164924693,0,739.3703500293116
678,72,65759.81594011417,4,0.13566146716037775,0,1058.7876890152368
679,30,66582.88899436976,5,0.2600480402524339,0,833.1124259711355
680,40,67805.4545834057,1,0.3850580557189617,0,707.2006436220461
681,42,59580.95333043777,3,0.9429827840711357,1,1033.5642560119918
682,52,32854.92630904275,2,0.6103760597816921,0,529.5640702614298
683,58,74501.47298451644,1,0.8349737856829623,1,1183.012975228019
684,47,32804.81910471968,2,0.7103515007123322,0,981.8041012620703
685,34,54539.531978585495,1,0.11250313052663174,0,622.9289367394889
686,66,38685.86224970963,2,0.7359204063739488,0,804.7165040895637
687,37,49037.92480110511,1,0.27509888155912443,0,641.3616430359554
688,65,54931.436154552204,1,0.6391078469947064,1,1158.1401652719853
689,42,54820.35823175409,2,0.3409619736429885,0,506.1897461260189
690,39,56328.81131352927,1,0.9976722632646592,1,1084.408960790335
691,30,74205.6690358797,2,0.2635514794967778,0,858.6424171680839
692,36,56803.014522709695,3,0.27913047077426967,0,919.9857084981145
693,66,46337.65047064027,1,0.9306722555623983,0,869.4116605605153
694,53,64461.307524325355,1,0.02464440463632267,0,585.09255309485
695,29,67842.05733386961,2,0.6966889878731969,1,1386.9312560791293
696,58,31585.88277294511,1,0.7253263907358781,0,772.5226609827124
697,36,58961.00104774787,2,0.8363785774103993,1,1168.9653725133835
698,29,60517.591134663475,3,0.9744393106384753,1,1056.9228401700814
699,26,45536.54744960012,2,0.9756019191566524,0,721.6914397192218
700,24,70635.6021996743,3,0.0652767575664639,0,903.266154704763
701,45,47749.1661945121,3,0.8218393227529025,0,916.0474504335672
702,31,51883.64680207313,3,0.6463099336573813,1,785.7830266366441
703,48,47403.922635741954,2,0.6473421343730912,0,694.0016591467997
704,69,50233.685713722014,1,0.1283499266146948,0,713.0140271493617
705,36,33555.87369657197,2,0.6501871664456533,0,784.0322062662808
706,64,28399.236761085584,2,0.9824825806012478,0,978.9066430509779
707,33,73917.57594837458,2,0.911818569539447,1,1094.9656310292094
708,70,37295.57977522508,3,0.4391306608048505,0,630.798595593042
709,22,35129.114758155396,1,0.03994797328609434,0,577.1335489900764
710,52,20000.0,2,0.36229349000020483,0,475.92383097911215
711,29,40415.57378465746,1,0.8263903116005552,0,715.2796010608904
712,42,30153.653098887524,1,0.701499101465166,0,875.0786196385485
713,69,74630.22740204554,2,0.4593436555939564,0,708.3184034967542
714,38,65147.25634013952,3,0.055101535158831094,0,916.8093142471614
715,53,39677.74482233414,1,0.4268947278233026,0,400.6977508903339
716,70,83786.53708016463,1,0.4690249397178835,0,853.5675800841702
717,40,64726.48230487391,4,0.928555532894136,1,1153.766050428331
718,33,45127.529247370665,1,0.6410861035821595,0,1124.718191177882
719,74,20000.0,2,0.3116529166546489,0,576.2048307149273
720,56,84364.13858886113,1,0.5253182644507214,1,961.3752980963205
721,62,29156.41299854606,4,0.06605530782216007,0,252.60981440269632
722,70,25319.01879564662,3,0.9725682356497368,0,730.657834812543
723,59,65338.5564801446,2,0.360059901930726,0,985.4529437517774
724,56,86596.28609508909,2,0.4778673549131358,0,1055.8593374922095
725,31,70764.09227765776,3,0.3552839742369226,0,922.8628799721791
726,48,58458.636800785396,3,0.6825117301162001,1,1466.443951016802
727,22,58921.315124979286,1,0.662232158329593,1,845.1995619330421
728,52,62801.23338170462,3,0.7153223105291356,1,1340.9931181695579
729,40,61383.92884680148,3,0.26814322961192083,0,507.330990189916
730,46,54217.87135954064,1,0.315668481164066,0,621.6666383264966
731,60,51563.01655927814,4,0.12525123109620795,0,408.9319269196482
732,28,49061.103081507164,4,0.6555099718461126,0,755.8874524581886
733,35,38690.531166999855,2,0.03979712733565255,0,688.180125115296
734,64,45789.87384699839,2,0.5976823355234591,0,811.5379012326418
735,29,24605.647787069218,2,0.8696958848516338,0,722.3744979979365
736,26,48524.90559807875,1,0.8908321482896335,0,646.1970766570115
737,27,35171.133392736236,2,0.4490377603699617,0,682.7112741180342
738,61,33446.160241763435,2,0.45930368821307377,0,413.67183630897483
739,34,52698.41226730218,3,0.07696918300801736,0,1043.8347746637628
740,55,70880.034295169,1,0.6707650254430357,1,930.6042876735496
741,24,63774.7490900347,1,0.8212594203728455,1,1021.1345714377511
742,63,26442.490945652346,3,0.24465505460471304,0,974.4660258775496
743,30,35155.57795144494,3,0.42130088163336465,0,469.45867121071535
744,57,64111.567819823234,4,0.8388393367652703,1,960.5384098683774
745,59,35262.68909692536,1,0.877120467662288,0,544.7814272771426
746,26,46630.50275004463,3,0.24317998026422594,0,743.8962354367494
747,67,58250.78148536828,1,0.5505706345413642,1,1215.4699314160189
748,44,35474.83317704547,2,0.19249315063582706,0,844.5585745723766
749,19,51580.6325921894,5,0.10187876413955654,0,1282.4901028738964
750,22,29989.617576226934,1,0.9111205013919575,0,291.1736471801777
751,46,40979.48534073179,1,0.8205075042321092,0,908.6952949517533
752,54,54796.72901213806,3,0.7600349018031739,1,1045.7862255503528
753,55,26105.09399702496,3,0.04876631881314042,0,518.1190720886842
754,36,56607.121069405985,1,0.8437287927102575,1,899.6129422878242
755,25,49705.433016099785,1,0.43804407590538375,0,610.5776385094426
756,65,58287.34931625721,3,0.34239512329585964,0,1162.5812258315625
757,62,53358.712010969924,3,0.5464763610253764,1,1333.845930605967
758,18,70462.10644960766,1,0.09135324272355583,0,866.0850522318688
759,39,51878.36753971861,2,0.7566465493523988,1,1402.8197864076174
760,69,43558.91688312121,1,0.5824350768882959,0,473.53229904466053
761,34,51834.46254548425,4,0.18659009687316752,0,511.6902961485528
762,24,58149.470435545816,1,0.1882321997690456,0,373.9770257156961
763,42,50732.901054885566,2,0.18424865157267423,0,632.2064624070377
764,62,50608.87536805824,1,0.057002387551933986,0,791.0843209364351
765,21,39470.12468289867,1,0.5877984493716848,0,776.7021839381287
766,53,40056.48623673578,1,0.8403481775885081,0,814.1856311545057
767,23,28960.920923004596,2,0.0174982139873886,0,364.34305980054546
768,48,76243.65114780409,5,0.04900464497127355,0,1046.749668758952
769,36,31342.051469130725,1,0.5727702766869458,0,761.9127886621478
770,61,39606.42203306139,3,0.8194956853860523,0,926.5925349971119
771,71,39223.89101646204,1,0.3267388905686336,0,350.24090862116316
772,56,63423.86565416662,5,0.34961439880772216,0,914.3789399111632
773,44,45575.75482561958,2,0.5963464974967759,0,549.9603758942701
774,27,68716.131090106,1,0.274212889124147,0,791.5372938526724
775,43,39897.640636341974,1,0.02660836607768413,0,809.0220195167549
776,36,54184.91243335703,2,0.7352285181015961,1,1213.0932100319658
777,56,37469.794201103636,1,0.6256499129414531,0,579.6059663437998
778,20,82177.23691660083,1,0.5807559990556591,1,1403.9133230810498
779,62,32186.02371455731,3,0.7416841289918231,0,428.79146842324025
780,30,54647.31065340541,1,0.6752308375620375,1,1401.458202499224
781,67,59506.65321398148,1,0.20588198817832115,0,777.0646609884893
782,45,56206.986461772474,2,0.35248104694335114,0,1039.9930258542627
783,37,47220.68511683438,2,0.126110141678625,0,643.4081023328258
784,45,48052.689503998605,2,0.12985701341788103,0,648.5339511804646
785,25,50657.17207968664,4,0.6761957463565392,1,787.6930292972681
786,58,47794.96997557267,3,0.8586001069824982,0,1000.0696469147283
787,56,64458.18675192365,1,0.962732583861139,1,1113.1341084155827
788,18,83157.84502387026,3,0.6283471175494444,1,1339.5256757225359
789,20,41637.623224882496,1,0.18410132336095697,0,650.1077689266501
790,30,29452.955306313834,3,0.1056503454489307,0,262.6371510981383
791,45,48675.76927473118,3,0.8128509715367578,0,710.6011299700384
792,74,88695.64006481477,2,0.5787564763599993,1,1042.6241019953331
793,66,37944.88148045404,3,0.6182850210137198,0,758.3334542401097
794,42,74586.75208166102,2,0.7814620887547092,1,930.8169393067434
795,73,75165.51221114662,3,0.7032772277324516,1,1561.6093436505248
796,50,41696.176374380084,1,0.8344582528560966,0,773.7115350869046
797,55,58534.74618777913,3,0.05621390545987848,0,762.7759225331357
798,70,74425.94934692807,2,0.7475206367465048,1,1429.0291610892732
799,23,44313.08388518769,4,0.8508527573220954,0,999.4320819733205
800,61,46946.29459846457,3,0.28613504245831434,0,759.325226884224
801,62,41274.786290770346,1,0.6404472739932529,0,616.1785989433189
802,49,34778.649039607,1,0.3141620638369721,0,350.51552835930636
803,62,40260.83682400989,2,0.957971066482454,0,659.8913393612589
804,64,31640.895998566153,4,0.03342357243550376,0,538.1043879067888
805,38,50511.25202388839,2,0.579792843832955,0,831.9470351011968
806,33,38450.40153412038,3,0.1665035470495151,0,639.8729861479479
807,71,53506.788676861215,1,0.7122202051771587,1,1289.8615924110463
808,38,26661.56530694559,2,0.17589028341866209,0,528.3002006224563
809,28,54963.20348321686,4,0.23538326189835757,0,786.9461102353316
810,54,62502.93442413387,4,0.4943708110457581,0,1098.749241864623
811,53,20093.96536142817,1,0.9148349499968781,0,760.318364597822
812,52,55610.848547713584,3,0.21171437214797084,0,787.2181716156521
813,36,68415.03488709938,1,0.14424002111810352,0,736.1102881602717
814,37,31855.38471963192,2,0.7589768318540306,0,608.5283274405672
815,74,75088.58580256555,5,0.500619532333931,1,917.0481539586702
816,35,56285.285140490676,1,0.9117851123817714,1,1154.5764334980781
817,64,39424.82216362387,2,0.14661455715984228,0,862.9187342829664
818,58,49163.46383513441,2,0.6459278930230393,0,766.0324542195223
819,66,58374.903687825834,1,0.23287914615181504,0,545.2078191780645
820,31,51140.080871186176,3,0.1567604286516393,0,1125.0103058330515
821,32,58081.33988669554,1,0.6834294151572705,1,997.4633397051035
822,48,36189.89610380951,4,0.5936846199087332,0,458.92926240728696
823,18,52540.41236054117,5,0.7548274583623312,1,1022.5305675567612
824,70,28794.282546425296,3,0.30946257644618236,0,697.0949469424282
825,71,48331.60907976949,2,0.44797165638218994,0,1127.373629696542
826,71,36441.38537802815,1,0.4054716763304185,0,501.1316028714087
827,20,38967.050861153504,3,0.9840894639665142,0,988.4523445736083
828,33,68541.39762815656,1,0.2922489567393879,0,1151.82916920919
829,40,66369.65180891403,1,0.2948172383467669,0,735.5991218643329
830,74,59137.071813607654,1,0.3545482088286074,0,775.6374561788523
831,28,33615.308529911315,1,0.5645940812903215,0,517.2741013038346
832,29,45253.87325457797,2,0.25232274426374524,0,710.8094124832033
833,27,68196.46549968775,2,0.9152899403792739,1,1187.1169862815993
834,49,52125.753704598574,1,0.2656855648662635,0,919.1273246260934
835,33,84789.94309972541,1,0.8958157315601947,1,1514.7379405415716
836,25,55899.76759091558,5,0.10347506364658465,0,640.2271313949069
837,55,52880.73674735047,1,0.6565627023996523,1,615.8190018771835
838,29,45363.25303696248,1,0.9069855184382437,0,813.2658611733883
839,41,52003.11357173423,1,0.16874943839822953,0,835.5980176922222
840,45,47712.952454291844,1,0.968326960099255,0,885.2809958183931
841,70,60621.630150328856,3,0.4528833604155117,0,783.0618372913866
842,25,64350.53475191876,1,0.9457151084410245,1,1174.9309888145342
843,45,38210.158092380756,1,0.676820043630047,0,1061.821756495358
844,53,30031.50569663333,1,0.30158686987355154,0,756.6630492630237
845,43,22456.919403450553,4,0.18830252491710642,0,556.4411645083466
846,25,57619.86990368816,2,0.3037350462250994,0,718.4332907217515
847,67,33449.50090739189,1,0.09301740926267499,0,642.5787739276808
848,45,20000.0,3,0.14386796634332977,0,941.734789000461
849,45,55828.67906796446,1,0.10466044034648114,0,752.9492974692309
850,54,87394.99276149186,1,0.42294354374155774,0,975.3104492774735
851,58,49908.9363269016,1,0.7955783762575864,0,732.6398050730061
852,53,62577.36161677463,3,0.1413835542163402,0,1046.8218349939002
853,44,51227.440378213476,1,0.13032043317233588,0,1161.136696157236
854,71,48516.65520213286,1,0.6434289495173308,0,897.048780848675
855,34,63786.14724481653,2,0.19718298196806627,0,855.2036151779745
856,26,45645.88183717023,3,0.0976100381089916,0,745.3469796315973
857,50,54010.88471107854,1,0.16684857820557764,0,309.87792361880133
858,70,54825.467092940205,5,0.9237313958767761,1,1565.3736962814914
859,37,39978.64319535427,3,0.8214712527761908,0,808.8736244535592
860,30,64880.635243047844,3,0.3540645623550941,0,945.4780425828936
861,45,47375.60364956887,4,0.6558207673273928,0,660.1676561638427
862,65,38663.82260760733,1,0.5372756736680381,0,670.1553046094222
863,46,58047.64765355605,2,0.6771242634825639,1,1086.5470894133523
864,30,36522.98027313444,2,0.6826711524627593,0,955.2066134265558
865,63,50422.717360536924,2,0.6287340150599929,0,739.2350209880652
866,52,49863.21505033695,2,0.2661013685373086,0,1192.4582765273751
867,23,66288.43348747367,3,0.03900642076281813,0,921.5152933166576
868,35,57120.47349319929,3,0.4555667819901088,0,576.0225136658611
869,68,49624.595618822845,2,0.8909738846907038,0,811.5111079127932
870,22,62266.494488004304,3,0.5694972585185759,1,1156.1361781164856
871,64,70853.1132352597,1,0.8323910417019079,1,791.9832788515389
872,42,58367.154595277934,3,0.9916243429612281,1,1475.0844506773385
873,19,50155.28929765071,5,0.16361620413827627,0,907.7665753460819
874,27,30322.456514747606,1,0.6917776391419823,0,827.4315100677989
875,73,34023.29505386941,1,0.6742935737000246,0,770.6265646992904
876,47,45421.629434679984,2,0.9799554473582784,0,548.7001781707403
877,67,40857.31696761075,1,0.9856007339528003,0,706.1232303222464
878,62,47195.43045521831,2,0.6866786117241295,0,973.0011684053071
879,22,50849.74887345661,1,0.24361479198219427,0,568.3662176090019
880,72,57945.391315350964,2,0.798555838130599,1,712.3699527752046
881,73,48942.518329113635,1,0.1070291342110381,0,709.9943035104868
882,50,57297.52465739303,3,0.7806993041716287,1,1278.6688161063446
883,71,50967.1162221518,2,0.9101961241446964,1,1328.0924034509435
884,18,20368.00150469193,5,0.38283339476843525,0,785.8270757032104
885,35,35909.96909271869,3,0.6306352949830805,0,870.1345374081433
886,49,47838.686664175766,1,0.4301427320968263,0,833.9616675793458
887,64,31854.578857383385,1,0.43776505498812845,0,942.1556774030716
888,66,58998.93094994307,3,0.31037088910812005,0,522.2377874978644
889,28,72961.26248515546,1,0.7621296204503246,1,1511.1702946126086
890,38,68281.42777545974,1,0.9361765641665052,1,1374.7651151339417
891,43,46798.35693604688,1,0.9407508592344611,0,580.1544133876326
892,42,72360.89205274929,1,0.17478128487493383,0,578.7084670147618
893,39,52230.01185803167,2,0.874743649656566,1,964.6202592789634
894,44,44943.71043322941,4,0.7374314414271221,0,666.153407805801
895,66,40798.960046885906,2,0.25283740069028926,0,879.9624330039446
896,30,45462.95470267808,6,0.06728461292151455,0,611.1354780673228
897,50,44177.34772188157,1,0.26799726688437797,0,576.4167616416048
898,51,52556.243335632316,2,0.9122082367815256,1,1059.9806092432677
899,58,52408.60971574797,1,0.6331786748957723,1,1315.1562641853436
900,52,50045.69030230122,3,0.7210546608978718,0,824.9425924766838
901,18,56554.072546195246,3,0.25715235110909584,0,772.6353927705035
902,38,67859.69412179512,2,0.7193881555748203,1,1108.9931824397636
903,65,64243.312031619855,4,0.028121506277923758,0,1082.4407776511962
904,72,27726.53047325145,2,0.3753213457730138,0,526.3304416229103
905,23,20000.0,3,0.6267533485423312,0,925.7769930422539
906,45,64014.79866858911,2,0.14609656554132022,0,876.7829096813783
907,34,29496.819523768685,2,0.8230035744469347,0,697.7005786684674
908,22,46628.518971609745,1,0.23503129881191864,0,1256.8258243260968
909,48,32448.304609109608,3,0.6522811128184463,0,516.3417363676734
910,22,22970.293436299704,3,0.4051971425753297,0,584.6340295256304
911,55,58121.94092307182,2,0.5960435954776472,1,852.066396454313
912,20,61387.327404539705,1,0.10745055262890812,0,1008.1740863928231
913,70,41352.34398909921,1,0.016912799921607324,0,1046.2907866679927
914,40,20000.0,1,0.9095644273803012,0,1024.9409990189579
915,54,41806.33327621276,5,0.2696300087671828,0,980.7844178869831
916,70,55877.060081038195,1,0.8196770027804591,1,1104.0797187466153
917,54,27816.32646838807,3,0.9993503004722002,0,665.968466891191
918,27,52750.39879668733,2,0.21143125799891116,0,450.6611652845147
919,27,49770.35226240507,3,0.2651707411833556,0,1182.5435424667194
920,36,58689.37249401632,4,0.6628597876346657,1,1171.7392726493913
921,34,51793.705526212296,3,0.9654486346006212,1,1096.2429428409664
922,38,35403.96588677667,3,0.9158143481907439,0,1034.2126420503514
923,31,67948.57252496737,2,0.5028755200655849,1,993.855199519801
924,26,47622.05640459545,3,0.7951102825267247,0,898.9457171201844
925,63,49590.43190735102,2,0.13574585309990106,0,727.0009179885782
926,18,36000.98061390206,2,0.9774381842040123,0,905.4841494659718
927,68,43350.766232127346,5,0.9643532340359865,0,800.4744467270111
928,62,36727.95928959649,4,0.16372895787917097,0,409.8271140136547
929,30,47405.809101148654,1,0.2994231248031066,0,782.0866325200615
930,21,75675.62720213515,2,0.10015499750676693,0,1098.166464136425
931,18,29421.482856029656,3,0.2717175988981797,0,668.4358929991691
932,66,25796.579031848883,2,0.8159557894152066,0,865.6014984185823
933,57,72067.55491240413,2,0.37831560716525947,0,689.063438143736
934,49,46860.14484272201,1,0.08839696714675838,0,737.8882622743155
935,51,39963.908920101254,3,0.34222552477890456,0,609.1400060606812
936,45,65598.57031094114,2,0.9813833342412801,1,1522.685861256765
937,48,40915.766903947035,3,0.6296835952592029,0,773.8455064980546
938,25,77390.14570320403,2,0.41616094640615775,0,1066.5815584239585
939,56,60168.88807008904,3,0.16653851349727,0,1035.0403769317454
940,43,42681.32887781446,2,0.9861767972836948,0,950.3480391417195
941,51,82359.62319898256,2,0.8208490092631288,1,1370.3456025343721
942,71,40914.27615494993,2,0.2814773024509194,0,533.0766593175605
943,71,61131.430580139604,3,0.07006869572118946,0,812.1068003394367
944,20,54489.38870609738,2,0.05662555737755803,0,671.4914188650762
945,67,69526.11934098197,1,0.12037814950553383,0,790.8556203146179
946,29,73422.66795090279,1,0.5807685836144216,1,1103.3069215321923
947,18,50480.0622359865,3,0.9287634212054924,0,649.2915383440328
948,71,38698.73194480725,1,0.4967434280059845,0,351.7002846978367
949,61,56899.582144086744,1,0.8429454824561972,1,974.3144589273799
950,22,39834.26945371841,3,0.4458866198598078,0,782.4358996394047
951,47,80200.80871289935,2,0.7085835457678252,1,1027.6007187332643
952,47,52048.02996624106,2,0.7318727372865008,1,957.2562310629414
953,74,44520.17673031837,1,0.17396370590333865,0,1120.0509391041187
954,34,52770.204587973625,2,0.36121605897581177,0,1004.5839398878971
955,65,29793.10565705455,1,0.6373021565380239,0,1041.4040457631809
956,64,35425.789422340225,2,0.07069660818436618,0,762.424183316683
957,40,68006.20861916638,3,0.3615401877629566,0,1109.6870264694169
958,32,40146.58581542906,1,0.5347994662811925,0,609.4199296117071
959,54,34296.3352597709,5,0.9962244930446387,0,642.2360721989215
960,38,58049.79128790929,1,0.47453356262244073,0,289.87427147429605
961,31,67785.56231994496,2,0.8160567571143236,1,1369.7613839505407
962,19,60784.299659976,2,0.43206728506661773,0,1155.193022770519
963,28,64940.715287087245,1,0.7963907226197089,1,1072.128486995131
964,68,38648.073671458085,3,0.5954148016201084,0,701.9915072398543
965,56,28672.839998872343,1,0.8865954415023983,0,581.2513214064093
966,55,72520.0047793323,1,0.4109425523501099,0,980.224989427171
967,51,45159.802417367966,1,0.6043044198214789,0,1011.2159631296358
968,55,46237.50475317429,1,0.6300186806188274,0,445.634997051546
969,67,69922.91212773586,4,0.4173829418004733,0,973.2405609471771
970,51,58343.4501410099,1,0.14431204368748152,0,750.8141007299686
971,35,56838.31658122411,1,0.09355940691233555,0,816.2264019906919
972,47,82475.03517351625,1,0.0166715505996331,0,1005.8411312624028
973,32,40347.22654429785,1,0.8735342642452146,0,751.4490713914465
974,44,63917.60192121856,1,0.23647491223869455,0,822.5181301488061
975,68,50855.19687345627,1,0.21150674928176805,0,732.6516257845304
976,51,54028.88418294885,1,0.7360354004260655,1,1379.9828946153168
977,69,72927.02639618798,3,0.32001611308739175,0,980.3887353151782
978,74,57617.53634434436,1,0.5060446924118366,1,1012.642272681636
979,55,58074.441185744494,3,0.1625110652974563,0,552.4329682400115
980,50,66087.61005964704,1,0.9597457214619692,1,1169.4767076060534
981,41,44525.70905685672,6,0.8515814000172374,0,987.5205173538421
982,32,37411.85498991491,1,0.8637896229650033,0,780.9775518708595
983,47,34327.862089684495,2,0.4067737485720052,0,844.2229792234508
984,72,20504.65115935997,1,0.7623612137071728,0,1032.061737233044
985,59,80843.10694910484,1,0.14387615538978016,0,1126.3243641262657
986,68,33451.87451417475,4,0.008619002591780278,0,686.7529403700003
987,34,46681.19564621342,1,0.019972932578028124,0,633.2054374497245
988,22,45847.80050166619,2,0.5866017374045605,0,277.1892570376073
989,46,54611.10046713651,3,0.4553949052479408,0,784.9180083659062
990,21,62236.05818808945,1,0.5180153489085197,1,1334.320103867927
991,27,62907.10232539618,1,0.007463140417219405,0,893.3550645477779
992,73,41253.83842146592,1,0.4226866196574257,0,717.7568086781347
993,34,47493.174293203825,1,0.7180681612008608,0,745.1956756987463
994,27,54238.69925732449,3,0.44269370196743585,0,459.5830803819219
995,34,46269.633107246795,1,0.7322192063122223,0,616.576520337443
996,37,74110.18364029989,2,0.23301896439683478,0,989.1830228012944
997,41,57364.62427457377,3,0.8131420044817255,1,1445.8654909477493
998,22,61023.16679074726,1,0.5884312404534523,1,939.5024296311243
999,51,59943.21903001119,2,0.21076309942990623,0,886.3546198078712
1000,23,67602.10786227987,3,0.23672047585383293,0,1052.1782182873437
